id;name;sex;profession;cwzone;cwworeda;cwfacility;firstchoice;code_1;secondchoice;code_2;thirdchoice;code_3;expryear;exprmonth;exprday;spexpryear;spexprmonth;spexprday;file;file_content_type
1;Shirt;Computers;bypassing Tuna;Concrete Gloves;solid communities;Plastic enterprise;interactive;distributed;Way Human Pine;Crest Account schemas;International generating Table;efficient morph;indexing Incredible;bypass;Auto;Nevada paradigms;Phased;Industrial deploy Ohio;../fake-data/blob/hipster.png;image/png
2;matrix cross-platform Fish;disintermediate Square International;Marketing Avon;invoice TCP;paradigms full-range Frozen;Union red Car;neural;Clothing blue;tan Tasty;Functionality Planner;quantifying;Money;Interactions Hong;calculate Strategist;Unbranded;system;Intelligent;vortals CSS;../fake-data/blob/hipster.png;image/png
3;Cotton Connecticut;invoice ROI Quality;violet;Cambridgeshire Technician orchid;Health relationships sky;Practical;invoice;Account Facilitator;Technician;Concrete Dollar blue;incentivize;bandwidth deposit;SCSI Account;drive;Handcrafted;reboot;Up-sized;Cambridgeshire Pataca;../fake-data/blob/hipster.png;image/png
4;neural;Program Steel Greens;Namibia;Intelligent primary;deposit Granite Mauritius;Forward;Planner Buckinghamshire;Keyboard;navigate Director unleash;Shirt Alley plum;transmit Account Incredible;cross-platform Prairie;invoice initiative bypassing;connect viral array;program Robust Kentucky;Customer;plum;one-to-one AGP;../fake-data/blob/hipster.png;image/png
5;protocol;transmit payment;Health;Maine Incredible Rustic;online Tuna Business-focused;Analyst;Hawaii yellow;Forward Maine;Customer Path;markets;ROI;Human;Bacon Dynamic;Togo Forward;cross-platform;XML;Principal Chile PNG;Loan San Facilitator;../fake-data/blob/hipster.png;image/png
6;transmit gold;Lempira clicks-and-mortar executive;Frozen Syrian Senior;Grocery Courts multi-byte;Concrete multi-state hack;Savings;of;Metal digital;Computers turn-key Dinar;AI Table Human;application Sleek Steel;architect Regional;Automotive cyan Progressive;Granite Bacon Coordinator;parse;Kentucky connect;deliver Fantastic Baby;Generic Incredible;../fake-data/blob/hipster.png;image/png
7;application;capability;Extended;Accounts Lead Spain;methodology;Planner;Regional Gold;index programming;quantifying;Table drive Pound;generating;Rubber user back-end;salmon Director Handcrafted;compressing Fish payment;Dynamic;Soft Rubber mission-critical;firewall Communications PNG;full-range Facilitator port;../fake-data/blob/hipster.png;image/png
8;bandwidth Falls;hub Specialist;Books Sports Technician;Avon Sleek;Via;Quality-focused Tuna Account;AGP;ivory vortals;Soft Lead;Orchestrator;Squares iterate Music;transmitter Cheese;knowledge;Movies indigo;Pizza;Checking;Optimization;SCSI wireless Developer;../fake-data/blob/hipster.png;image/png
9;Iowa Sausages architect;B2C copying input;up Central;yellow fuchsia Carolina;orchid;Planner SMTP leverage;Home quantify Alaska;Sweden Frozen;Keyboard;sky;Developer;Greece;invoice bi-directional invoice;challenge Accountability Licensed;Hat;CSS brand;International Fantastic Communications;array;../fake-data/blob/hipster.png;image/png
10;Indiana Bacon Trail;Stream programming;Infrastructure;Pakistan Intelligent Small;Singapore Dynamic;Associate;Licensed open-source;Fully-configurable Chips;Books parallelism;array;Guyana 1080p needs-based;feed Self-enabling;web-readiness system;alliance Pine;portals Angola;coherent Response;Administrator;connecting definition;../fake-data/blob/hipster.png;image/png
